{"request_time":1715584447.043571,"response_time":1715584447.043571,"total_time":0,"request_data":"\/rsos\/rohit"}
{"request_time":1715584784.8509,"response_time":1715584784.8509,"total_time":0,"request_data":"\/rsos\/rohit"}
{"request_time":1715584828.203438,"response_time":1715584828.203439,"total_time":9.5367431640625e-7,"request_data":"\/rsos\/rohit"}
{"request_time":1715585072.038867,"response_time":1715585072.038869,"total_time":1.9073486328125e-6,"request_data":"\/rsos\/rohit"}
{"request_time":1715585083.659663,"response_time":1715585083.659664,"total_time":9.5367431640625e-7,"request_data":"\/rsos\/rohit"}
